{"cameraMode":{"drawMode":0,"name":"Shaded","section":"Shading Mode"},"sceneLighting":false,"audioPlay":false,"sceneViewState":{"showFog":true,"showMaterialUpdate":false,"showSkybox":false,"showFlares":true,"showImageEffects":true,"showParticleSystems":true},"in2DMode":false,"pivot":{"x":39.64045715332031,"y":2.8388237953186037,"z":58.34196472167969},"rotation":{"x":-0.14669007062911988,"y":0.2370654046535492,"z":-0.03563627600669861,"w":-0.9599677920341492},"size":6.663522720336914,"orthographic":false}