{"cameraMode":{"drawMode":0,"name":"Shaded","section":"Shading Mode"},"sceneLighting":false,"audioPlay":false,"sceneViewState":{"showFog":true,"showMaterialUpdate":false,"showSkybox":false,"showFlares":true,"showImageEffects":true,"showParticleSystems":true},"in2DMode":false,"pivot":{"x":56.10711669921875,"y":1.3700511455535889,"z":78.1181869506836},"rotation":{"x":-0.026587873697280885,"y":0.9691751599311829,"z":-0.21297478675842286,"w":-0.1209937334060669},"size":2.796154737472534,"orthographic":false}