{"cameraMode":{"drawMode":0,"name":"Shaded","section":"Shading Mode"},"sceneLighting":false,"audioPlay":false,"sceneViewState":{"showFog":true,"showMaterialUpdate":false,"showSkybox":false,"showFlares":true,"showImageEffects":true,"showParticleSystems":true},"in2DMode":false,"pivot":{"x":116.73558044433594,"y":8.910364151000977,"z":36.888607025146487},"rotation":{"x":-0.14669007062911988,"y":0.2370654046535492,"z":-0.03563627600669861,"w":-0.9599677920341492},"size":21.20789337158203,"orthographic":false}