{"cameraMode":{"drawMode":0,"name":"Shaded","section":"Shading Mode"},"sceneLighting":false,"audioPlay":false,"sceneViewState":{"showFog":true,"showMaterialUpdate":false,"showSkybox":false,"showFlares":true,"showImageEffects":true,"showParticleSystems":true},"in2DMode":false,"pivot":{"x":25.5919132232666,"y":0.2983078956604004,"z":75.07689666748047},"rotation":{"x":0.4713461399078369,"y":0.06745239347219467,"z":-0.03676418587565422,"w":0.8789048790931702},"size":3.037324905395508,"orthographic":false}