{"cameraMode":{"drawMode":0,"name":"Shaded","section":"Shading Mode"},"sceneLighting":false,"audioPlay":false,"sceneViewState":{"showFog":true,"showMaterialUpdate":false,"showSkybox":false,"showFlares":true,"showImageEffects":true,"showParticleSystems":true},"in2DMode":false,"pivot":{"x":40.97231674194336,"y":0.497464656829834,"z":64.2124252319336},"rotation":{"x":-0.14669007062911988,"y":0.2370654046535492,"z":-0.03563627600669861,"w":-0.9599677920341492},"size":8.258672714233399,"orthographic":false}