{"cameraMode":{"drawMode":0,"name":"Shaded","section":"Shading Mode"},"sceneLighting":false,"audioPlay":false,"sceneViewState":{"showFog":true,"showMaterialUpdate":false,"showSkybox":false,"showFlares":true,"showImageEffects":true,"showParticleSystems":true},"in2DMode":false,"pivot":{"x":36.2443733215332,"y":1.4012949466705323,"z":48.71819305419922},"rotation":{"x":-0.2448747605085373,"y":0.5563909411430359,"z":-0.17596612870693208,"w":-0.7742758393287659},"size":0.4897303581237793,"orthographic":false}