{"cameraMode":{"drawMode":0,"name":"Shaded","section":"Shading Mode"},"sceneLighting":false,"audioPlay":false,"sceneViewState":{"showFog":true,"showMaterialUpdate":false,"showSkybox":false,"showFlares":true,"showImageEffects":true,"showParticleSystems":true},"in2DMode":false,"pivot":{"x":43.9900016784668,"y":0.7983078956604004,"z":42.00425338745117},"rotation":{"x":-0.026587873697280885,"y":0.9691751599311829,"z":-0.21297478675842286,"w":-0.1209937334060669},"size":2.6790010929107668,"orthographic":false}